{'ce-T:': 1319, 'boogie_result': 230, 'ce-F:': 224, 'ce-I:': 121, 'actual_z3': 12}
{'ce-T:': 2131, 'boogie_result': 364, 'ce-I:': 363, 'ce-F:': 329, 'actual_z3': 18}
{'ce-T:': 2983, 'boogie_result': 381, 'ce-F:': 355, 'ce-I:': 326, 'actual_z3': 13}
{'ce-T:': 7167, 'ce-I:': 2707, 'ce-F:': 1768, 'boogie_result': 1207, 'actual_z3': 19}
{'ce-T:': 11343, 'ce-I:': 9481, 'ce-F:': 2476, 'boogie_result': 2118, 'actual_z3': 25}
{'ce-I:': 9750, 'ce-T:': 9142, 'ce-F:': 3878, 'boogie_result': 2049, 'actual_z3': 21}
{'ce-T:': 13230, 'ce-I:': 9458, 'ce-F:': 7360, 'boogie_result': 3311, 'actual_z3': 22}
{'ce-T:': 31489, 'ce-I:': 13525, 'ce-F:': 10597, 'boogie_result': 5301, 'actual_z3': 30}
{'ce-T:': 44834, 'ce-I:': 28643, 'ce-F:': 21245, 'boogie_result': 7907, 'actual_z3': 24}
{'ce-I:': 58039, 'ce-T:': 48356, 'ce-F:': 18511, 'boogie_result': 9907, 'actual_z3': 31}
{'ce-T:': 4664, 'ce-I:': 2793, 'boogie_result': 955, 'ce-F:': 951, 'actual_z3': 16}
{'ce-T:': 50650, 'ce-I:': 25269, 'ce-F:': 11999, 'boogie_result': 6341, 'actual_z3': 18}
{'ce-T:': 41611, 'ce-I:': 32318, 'ce-F:': 14030, 'boogie_result': 8669, 'actual_z3': 18}
{'ce-T:': 74044, 'ce-I:': 28985, 'ce-F:': 17078, 'boogie_result': 10220, 'actual_z3': 20}
{'ce-I:': 69610, 'ce-T:': 54671, 'ce-F:': 13688, 'boogie_result': 10516, 'actual_z3': 21}
{'ce-T:': 61518, 'ce-I:': 45255, 'ce-F:': 20735, 'boogie_result': 11162, 'actual_z3': 17}
{'ce-T:': 66059, 'ce-I:': 43381, 'ce-F:': 22162, 'boogie_result': 11985, 'actual_z3': 18}
{'ce-T:': 74843, 'ce-I:': 62169, 'ce-F:': 13596, 'boogie_result': 12874, 'actual_z3': 27}
{'ce-T:': 62755, 'ce-I:': 57812, 'ce-F:': 25960, 'boogie_result': 13542, 'actual_z3': 17}
{'ce-T:': 89850, 'ce-I:': 32603, 'ce-F:': 29519, 'boogie_result': 16309, 'actual_z3': 13}
{'ce-I:': 1882, 'boogie_result': 226, 'ce-F:': 225, 'ce-T:': 224, 'actual_z3': 30}
{'ce-I:': 732, 'ce-F:': 419, 'boogie_result': 212, 'ce-T:': 210, 'actual_z3': 52}
{'ce-I:': 1158, 'ce-F:': 438, 'boogie_result': 239, 'ce-T:': 237, 'actual_z3': 50}
{'ce-I:': 1491, 'ce-F:': 494, 'boogie_result': 262, 'ce-T:': 261, 'actual_z3': 32}
{'ce-I:': 1907, 'boogie_result': 263, 'ce-F:': 262, 'ce-T:': 261, 'actual_z3': 42}
{'ce-I:': 1519, 'boogie_result': 246, 'ce-F:': 244, 'ce-T:': 242, 'actual_z3': 46}
{'ce-I:': 1916, 'boogie_result': 274, 'ce-T:': 273, 'ce-F:': 268, 'actual_z3': 34}
{'ce-I:': 1688, 'ce-F:': 783, 'boogie_result': 273, 'ce-T:': 272, 'actual_z3': 30}
{'ce-I:': 1722, 'boogie_result': 261, 'ce-T:': 260, 'ce-F:': 248, 'actual_z3': 28}
{'ce-I:': 1622, 'boogie_result': 278, 'ce-T:': 277, 'ce-F:': 274, 'actual_z3': 30}
{'ce-T:': 1319, 'boogie_result': 230, 'ce-F:': 224, 'ce-I:': 121, 'actual_z3': 12}
{'ce-T:': 2131, 'boogie_result': 364, 'ce-I:': 363, 'ce-F:': 329, 'actual_z3': 18}
{'ce-T:': 2983, 'boogie_result': 381, 'ce-F:': 355, 'ce-I:': 326, 'actual_z3': 13}
{'ce-T:': 7167, 'ce-I:': 2707, 'ce-F:': 1768, 'boogie_result': 1207, 'actual_z3': 19}
{'ce-T:': 11343, 'ce-I:': 9481, 'ce-F:': 2476, 'boogie_result': 2118, 'actual_z3': 25}
{'ce-I:': 9750, 'ce-T:': 9142, 'ce-F:': 3878, 'boogie_result': 2049, 'actual_z3': 21}
{'ce-T:': 13230, 'ce-I:': 9458, 'ce-F:': 7360, 'boogie_result': 3311, 'actual_z3': 22}
{'ce-T:': 31489, 'ce-I:': 13525, 'ce-F:': 10597, 'boogie_result': 5301, 'actual_z3': 30}
{'ce-T:': 44834, 'ce-I:': 28643, 'ce-F:': 21245, 'boogie_result': 7907, 'actual_z3': 24}
{'ce-I:': 58039, 'ce-T:': 48356, 'ce-F:': 18511, 'boogie_result': 9907, 'actual_z3': 31}
{'ce-T:': 4664, 'ce-I:': 2793, 'boogie_result': 955, 'ce-F:': 951, 'actual_z3': 16}
{'ce-T:': 50650, 'ce-I:': 25269, 'ce-F:': 11999, 'boogie_result': 6341, 'actual_z3': 18}
{'ce-T:': 41611, 'ce-I:': 32318, 'ce-F:': 14030, 'boogie_result': 8669, 'actual_z3': 18}
{'ce-T:': 74044, 'ce-I:': 28985, 'ce-F:': 17078, 'boogie_result': 10220, 'actual_z3': 20}
{'ce-I:': 69610, 'ce-T:': 54671, 'ce-F:': 13688, 'boogie_result': 10516, 'actual_z3': 21}
{'ce-T:': 61518, 'ce-I:': 45255, 'ce-F:': 20735, 'boogie_result': 11162, 'actual_z3': 17}
{'ce-T:': 66059, 'ce-I:': 43381, 'ce-F:': 22162, 'boogie_result': 11985, 'actual_z3': 18}
{'ce-T:': 74843, 'ce-I:': 62169, 'ce-F:': 13596, 'boogie_result': 12874, 'actual_z3': 27}
{'ce-T:': 62755, 'ce-I:': 57812, 'ce-F:': 25960, 'boogie_result': 13542, 'actual_z3': 17}
{'ce-T:': 89850, 'ce-I:': 32603, 'ce-F:': 29519, 'boogie_result': 16309, 'actual_z3': 13}
{'ce-I:': 3564, 'ce-T:': 2136, 'boogie_result': 854, 'ce-F:': 849, 'actual_z3': 18}
{'ce-I:': 14011, 'ce-T:': 3877, 'boogie_result': 1202, 'ce-F:': 1200, 'actual_z3': 45}
{'ce-I:': 11971, 'ce-T:': 4410, 'boogie_result': 1149, 'ce-F:': 1145, 'actual_z3': 46}
{'ce-I:': 11878, 'ce-T:': 5479, 'boogie_result': 1136, 'ce-F:': 1112, 'actual_z3': 33}
{'ce-I:': 16092, 'ce-T:': 4615, 'boogie_result': 1202, 'ce-F:': 1193, 'actual_z3': 45}
{'ce-I:': 17084, 'ce-T:': 3696, 'boogie_result': 1216, 'ce-F:': 1215, 'actual_z3': 51}
{'ce-I:': 8925, 'ce-T:': 3630, 'boogie_result': 1215, 'ce-F:': 1212, 'actual_z3': 22}
{'ce-I:': 36925, 'ce-T:': 4172, 'boogie_result': 1402, 'ce-F:': 1331, 'actual_z3': 65}
{'ce-I:': 14412, 'ce-T:': 3901, 'boogie_result': 1411, 'ce-F:': 1408, 'actual_z3': 36}
{'ce-I:': 27447, 'ce-T:': 4327, 'boogie_result': 1458, 'ce-F:': 1441, 'actual_z3': 43}
{'ce-I:': 19, 'boogie_result': 16, 'actual_z3': 16, 'ce-T:': 15, 'ce-F:': 5}
{'ce-I:': 784, 'ce-F:': 231, 'boogie_result': 140, 'ce-T:': 138, 'actual_z3': 15}
{'ce-I:': 830, 'ce-F:': 544, 'boogie_result': 279, 'ce-T:': 276, 'actual_z3': 10}
{'ce-I:': 1936, 'ce-F:': 782, 'boogie_result': 344, 'ce-T:': 343, 'actual_z3': 19}
{'ce-I:': 2192, 'ce-F:': 938, 'boogie_result': 457, 'ce-T:': 456, 'actual_z3': 26}
{'ce-I:': 2929, 'ce-F:': 951, 'boogie_result': 503, 'ce-T:': 502, 'actual_z3': 17}
{'ce-I:': 3229, 'ce-F:': 1294, 'boogie_result': 489, 'ce-T:': 488, 'actual_z3': 26}
{'ce-I:': 3554, 'ce-F:': 1554, 'boogie_result': 512, 'ce-T:': 511, 'actual_z3': 27}
{'ce-I:': 1363, 'ce-F:': 914, 'boogie_result': 464, 'ce-T:': 463, 'actual_z3': 17}
{'ce-I:': 3444, 'ce-F:': 1100, 'boogie_result': 538, 'ce-T:': 533, 'actual_z3': 20}
{'boogie_result': 1, 'actual_z3': 1}
{'boogie_result': 1, 'actual_z3': 1}
{'ce-I:': 48, 'boogie_result': 15, 'ce-F:': 11, 'ce-T:': 10, 'actual_z3': 7}
{'boogie_result': 10, 'actual_z3': 10, 'ce-T:': 9, 'ce-I:': 5, 'ce-F:': 1}
{'ce-I:': 67, 'boogie_result': 21, 'ce-T:': 18, 'ce-F:': 17, 'actual_z3': 10}
{'ce-I:': 20, 'boogie_result': 15, 'actual_z3': 14, 'ce-T:': 14, 'ce-F:': 10}
{'boogie_result': 23, 'actual_z3': 23, 'ce-T:': 22, 'ce-I:': 22, 'ce-F:': 3}
{'ce-I:': 268, 'ce-F:': 51, 'boogie_result': 47, 'ce-T:': 46, 'actual_z3': 16}
{'ce-I:': 606, 'ce-F:': 415, 'boogie_result': 155, 'ce-T:': 152, 'actual_z3': 9}
{'ce-I:': 473, 'ce-F:': 454, 'boogie_result': 166, 'ce-T:': 165, 'actual_z3': 15}
{'ce-I:': 19, 'boogie_result': 16, 'actual_z3': 16, 'ce-T:': 15, 'ce-F:': 5}
{'ce-I:': 784, 'ce-F:': 231, 'boogie_result': 140, 'ce-T:': 138, 'actual_z3': 15}
{'ce-I:': 830, 'ce-F:': 544, 'boogie_result': 279, 'ce-T:': 276, 'actual_z3': 10}
{'ce-I:': 1936, 'ce-F:': 782, 'boogie_result': 344, 'ce-T:': 343, 'actual_z3': 19}
{'ce-I:': 2192, 'ce-F:': 938, 'boogie_result': 457, 'ce-T:': 456, 'actual_z3': 26}
{'ce-I:': 2929, 'ce-F:': 951, 'boogie_result': 503, 'ce-T:': 502, 'actual_z3': 17}
{'ce-I:': 3229, 'ce-F:': 1294, 'boogie_result': 489, 'ce-T:': 488, 'actual_z3': 26}
{'ce-I:': 3554, 'ce-F:': 1554, 'boogie_result': 512, 'ce-T:': 511, 'actual_z3': 27}
{'ce-I:': 1363, 'ce-F:': 914, 'boogie_result': 464, 'ce-T:': 463, 'actual_z3': 17}
{'ce-I:': 3444, 'ce-F:': 1100, 'boogie_result': 538, 'ce-T:': 533, 'actual_z3': 20}
{'boogie_result': 1, 'actual_z3': 1}
{'boogie_result': 1, 'actual_z3': 1}
{'ce-I:': 48, 'boogie_result': 15, 'ce-F:': 11, 'ce-T:': 10, 'actual_z3': 7}
{'boogie_result': 10, 'actual_z3': 10, 'ce-T:': 9, 'ce-I:': 5, 'ce-F:': 1}
{'ce-I:': 67, 'boogie_result': 21, 'ce-T:': 18, 'ce-F:': 17, 'actual_z3': 10}
{'ce-I:': 20, 'boogie_result': 15, 'actual_z3': 14, 'ce-T:': 14, 'ce-F:': 10}
{'boogie_result': 23, 'actual_z3': 23, 'ce-T:': 22, 'ce-I:': 22, 'ce-F:': 3}
{'ce-I:': 268, 'ce-F:': 51, 'boogie_result': 47, 'ce-T:': 46, 'actual_z3': 16}
{'ce-I:': 606, 'ce-F:': 415, 'boogie_result': 155, 'ce-T:': 152, 'actual_z3': 9}
{'ce-I:': 473, 'ce-F:': 454, 'boogie_result': 166, 'ce-T:': 165, 'actual_z3': 15}
{'ce-T:': 325, 'boogie_result': 69, 'ce-F:': 65, 'actual_z3': 9}
{'ce-T:': 2744, 'boogie_result': 402, 'ce-F:': 393, 'ce-I:': 327, 'actual_z3': 13}
{'ce-T:': 2424, 'ce-I:': 1973, 'boogie_result': 503, 'ce-F:': 489, 'actual_z3': 14}
{'ce-T:': 2387, 'boogie_result': 569, 'ce-F:': 566, 'ce-I:': 562, 'actual_z3': 14}
{'ce-T:': 2069, 'ce-I:': 1638, 'boogie_result': 549, 'ce-F:': 539, 'actual_z3': 21}
{'ce-T:': 3274, 'ce-I:': 1246, 'boogie_result': 666, 'ce-F:': 660, 'actual_z3': 14}
{'ce-T:': 4184, 'ce-I:': 1803, 'boogie_result': 842, 'ce-F:': 833, 'actual_z3': 16}
{'ce-I:': 15927, 'ce-T:': 4438, 'boogie_result': 1476, 'ce-F:': 1437, 'actual_z3': 64}
{'ce-I:': 10164, 'ce-T:': 4679, 'boogie_result': 1567, 'ce-F:': 1555, 'actual_z3': 14}
{'ce-I:': 11175, 'ce-T:': 5179, 'boogie_result': 1732, 'ce-F:': 1716, 'actual_z3': 64}
{'ce-T:': 14, 'boogie_result': 6, 'actual_z3': 6}
{'ce-T:': 130, 'boogie_result': 39, 'ce-F:': 38, 'ce-I:': 38, 'actual_z3': 13}
{'ce-T:': 151, 'ce-I:': 51, 'boogie_result': 35, 'ce-F:': 16, 'actual_z3': 14}
{'ce-T:': 1105, 'boogie_result': 225, 'ce-F:': 224, 'actual_z3': 10}
{'ce-T:': 3469, 'boogie_result': 475, 'ce-F:': 466, 'ce-I:': 383, 'actual_z3': 18}
{'ce-T:': 1458, 'ce-I:': 1108, 'boogie_result': 480, 'ce-F:': 479, 'actual_z3': 18}
{'ce-T:': 2641, 'ce-I:': 1021, 'boogie_result': 516, 'ce-F:': 508, 'actual_z3': 29}
{'ce-T:': 1849, 'ce-I:': 1308, 'boogie_result': 542, 'ce-F:': 535, 'actual_z3': 12}
{'ce-T:': 2920, 'boogie_result': 490, 'ce-F:': 470, 'ce-I:': 273, 'actual_z3': 28}
{'ce-T:': 4285, 'ce-I:': 1138, 'ce-F:': 593, 'boogie_result': 570, 'actual_z3': 29}
{'ce-T:': 14, 'boogie_result': 6, 'actual_z3': 6}
{'ce-T:': 130, 'boogie_result': 39, 'ce-F:': 38, 'ce-I:': 38, 'actual_z3': 13}
{'ce-T:': 151, 'ce-I:': 51, 'boogie_result': 35, 'ce-F:': 16, 'actual_z3': 14}
{'ce-T:': 1105, 'boogie_result': 225, 'ce-F:': 224, 'actual_z3': 10}
{'ce-T:': 3469, 'boogie_result': 475, 'ce-F:': 466, 'ce-I:': 383, 'actual_z3': 18}
{'ce-T:': 1458, 'ce-I:': 1108, 'boogie_result': 480, 'ce-F:': 479, 'actual_z3': 18}
{'ce-T:': 2641, 'ce-I:': 1021, 'boogie_result': 516, 'ce-F:': 508, 'actual_z3': 29}
{'ce-T:': 1849, 'ce-I:': 1308, 'boogie_result': 542, 'ce-F:': 535, 'actual_z3': 12}
{'ce-T:': 2920, 'boogie_result': 490, 'ce-F:': 470, 'ce-I:': 273, 'actual_z3': 28}
{'ce-T:': 4285, 'ce-I:': 1138, 'ce-F:': 593, 'boogie_result': 570, 'actual_z3': 29}
{'ce-I:': 3426, 'ce-T:': 3364, 'boogie_result': 652, 'ce-F:': 635, 'actual_z3': 24}
{'ce-T:': 3431, 'ce-I:': 1410, 'boogie_result': 695, 'ce-F:': 654, 'actual_z3': 13}
{'ce-T:': 2307, 'ce-I:': 2220, 'boogie_result': 769, 'ce-F:': 749, 'actual_z3': 27}
{'ce-T:': 3702, 'ce-I:': 1694, 'boogie_result': 744, 'ce-F:': 733, 'actual_z3': 13}
{'ce-T:': 5237, 'ce-I:': 3225, 'boogie_result': 874, 'ce-F:': 850, 'actual_z3': 19}
{'ce-T:': 3945, 'ce-I:': 3464, 'boogie_result': 874, 'ce-F:': 867, 'actual_z3': 20}
{'ce-I:': 4277, 'ce-T:': 2448, 'boogie_result': 831, 'ce-F:': 824, 'actual_z3': 14}
{'ce-T:': 5434, 'ce-I:': 3839, 'boogie_result': 1064, 'ce-F:': 1062, 'actual_z3': 20}
{'ce-T:': 5443, 'ce-I:': 4643, 'boogie_result': 1170, 'ce-F:': 1163, 'actual_z3': 22}
{'ce-I:': 9978, 'ce-T:': 3870, 'boogie_result': 1194, 'ce-F:': 1163, 'actual_z3': 28}
{'ce-T:': 303, 'boogie_result': 64, 'ce-F:': 60, 'actual_z3': 7}
{'ce-T:': 483, 'boogie_result': 85, 'ce-F:': 65, 'actual_z3': 11}
{'ce-T:': 846, 'boogie_result': 201, 'ce-F:': 196, 'ce-I:': 192, 'actual_z3': 11}
{'ce-T:': 15524, 'ce-I:': 3458, 'boogie_result': 1536, 'ce-F:': 1471, 'actual_z3': 20}
{'ce-T:': 14267, 'ce-I:': 1782, 'boogie_result': 1755, 'ce-F:': 1752, 'actual_z3': 14}
{'ce-T:': 10305, 'ce-I:': 3052, 'ce-F:': 1990, 'boogie_result': 1721, 'actual_z3': 12}
{'ce-T:': 11563, 'ce-I:': 4723, 'ce-F:': 1821, 'boogie_result': 1690, 'actual_z3': 14}
{'ce-T:': 11583, 'ce-I:': 3752, 'boogie_result': 1706, 'ce-F:': 1703, 'actual_z3': 14}
{'ce-T:': 12966, 'ce-F:': 3270, 'ce-I:': 2361, 'boogie_result': 1762, 'actual_z3': 17}
{'ce-T:': 14185, 'ce-I:': 6817, 'ce-F:': 2086, 'boogie_result': 2045, 'actual_z3': 17}
{'ce-T:': 194, 'ce-I:': 99, 'ce-F:': 57, 'boogie_result': 54, 'actual_z3': 11}
{'ce-T:': 201, 'ce-F:': 146, 'boogie_result': 75, 'ce-I:': 52, 'actual_z3': 25}
{'ce-T:': 359, 'ce-I:': 139, 'boogie_result': 95, 'ce-F:': 87, 'actual_z3': 12}
{'ce-T:': 291, 'ce-I:': 240, 'boogie_result': 101, 'ce-F:': 93, 'actual_z3': 11}
{'ce-T:': 441, 'ce-F:': 234, 'boogie_result': 122, 'actual_z3': 19}
{'ce-T:': 566, 'ce-F:': 269, 'boogie_result': 148, 'ce-I:': 144, 'actual_z3': 14}
{'ce-T:': 967, 'boogie_result': 202, 'ce-F:': 192, 'ce-I:': 95, 'actual_z3': 19}
{'ce-T:': 754, 'ce-F:': 386, 'boogie_result': 198, 'actual_z3': 26}
{'ce-T:': 791, 'ce-I:': 389, 'ce-F:': 365, 'boogie_result': 203, 'actual_z3': 18}
{'ce-T:': 750, 'ce-F:': 573, 'ce-I:': 507, 'boogie_result': 255, 'actual_z3': 10}
{'ce-I:': 128, 'boogie_result': 36, 'ce-T:': 32, 'ce-F:': 22, 'actual_z3': 15}
{'ce-T:': 128, 'ce-I:': 83, 'boogie_result': 52, 'ce-F:': 41, 'actual_z3': 18}
{'ce-I:': 910, 'ce-T:': 233, 'boogie_result': 156, 'ce-F:': 149, 'actual_z3': 21}
{'ce-I:': 1917, 'ce-T:': 1162, 'boogie_result': 588, 'ce-F:': 584, 'actual_z3': 25}
{'ce-I:': 5335, 'ce-T:': 1840, 'boogie_result': 652, 'ce-F:': 632, 'actual_z3': 22}
{'ce-I:': 6085, 'ce-T:': 2638, 'boogie_result': 799, 'ce-F:': 797, 'actual_z3': 33}
{'ce-I:': 4629, 'ce-T:': 2364, 'boogie_result': 793, 'ce-F:': 788, 'actual_z3': 20}
{'ce-I:': 4463, 'ce-T:': 2431, 'boogie_result': 816, 'ce-F:': 796, 'actual_z3': 34}
{'ce-I:': 4524, 'ce-T:': 2906, 'boogie_result': 853, 'ce-F:': 847, 'actual_z3': 20}
{'ce-I:': 53617, 'ce-T:': 11469, 'boogie_result': 3344, 'ce-F:': 3325, 'actual_z3': 51}
{'ce-I:': 3564, 'ce-T:': 2136, 'boogie_result': 854, 'ce-F:': 849, 'actual_z3': 18}
{'ce-I:': 14011, 'ce-T:': 3877, 'boogie_result': 1202, 'ce-F:': 1200, 'actual_z3': 45}
{'ce-I:': 11971, 'ce-T:': 4410, 'boogie_result': 1149, 'ce-F:': 1145, 'actual_z3': 46}
{'ce-I:': 11878, 'ce-T:': 5479, 'boogie_result': 1136, 'ce-F:': 1112, 'actual_z3': 33}
{'ce-I:': 16092, 'ce-T:': 4615, 'boogie_result': 1202, 'ce-F:': 1193, 'actual_z3': 45}
{'ce-I:': 17084, 'ce-T:': 3696, 'boogie_result': 1216, 'ce-F:': 1215, 'actual_z3': 51}
{'ce-I:': 8925, 'ce-T:': 3630, 'boogie_result': 1215, 'ce-F:': 1212, 'actual_z3': 22}
{'ce-I:': 36925, 'ce-T:': 4172, 'boogie_result': 1402, 'ce-F:': 1331, 'actual_z3': 65}
{'ce-I:': 14412, 'ce-T:': 3901, 'boogie_result': 1411, 'ce-F:': 1408, 'actual_z3': 36}
{'ce-I:': 27447, 'ce-T:': 4327, 'boogie_result': 1458, 'ce-F:': 1441, 'actual_z3': 43}
{'boogie_result': 5, 'actual_z3': 5, 'ce-T:': 4, 'ce-I:': 2, 'ce-F:': 1}
{'boogie_result': 9, 'actual_z3': 9, 'ce-F:': 8, 'ce-I:': 7, 'ce-T:': 6}
{'boogie_result': 12, 'actual_z3': 12, 'ce-F:': 11, 'ce-T:': 10, 'ce-I:': 6}
{'boogie_result': 13, 'actual_z3': 13, 'ce-I:': 12, 'ce-T:': 10, 'ce-F:': 5}
{'boogie_result': 15, 'actual_z3': 15, 'ce-T:': 14, 'ce-F:': 12, 'ce-I:': 10}
{'ce-I:': 23, 'boogie_result': 14, 'actual_z3': 14, 'ce-T:': 12, 'ce-F:': 9}
{'boogie_result': 19, 'actual_z3': 19, 'ce-T:': 18, 'ce-F:': 15, 'ce-I:': 13}
{'ce-I:': 40, 'boogie_result': 20, 'actual_z3': 20, 'ce-T:': 19, 'ce-F:': 14}
{'ce-F:': 60, 'ce-I:': 51, 'boogie_result': 33, 'actual_z3': 33, 'ce-T:': 31}
{'ce-I:': 63, 'boogie_result': 31, 'actual_z3': 30, 'ce-T:': 30, 'ce-F:': 26}
{'ce-T:': 395, 'boogie_result': 84, 'ce-F:': 76, 'ce-I:': 45, 'actual_z3': 15}
{'ce-T:': 2171, 'ce-I:': 1063, 'boogie_result': 547, 'ce-F:': 545, 'actual_z3': 15}
{'ce-T:': 2648, 'ce-I:': 823, 'boogie_result': 536, 'ce-F:': 533, 'actual_z3': 18}
{'ce-T:': 3057, 'ce-I:': 2268, 'boogie_result': 615, 'ce-F:': 610, 'actual_z3': 13}
{'ce-T:': 2694, 'ce-I:': 1524, 'boogie_result': 677, 'ce-F:': 672, 'actual_z3': 12}
{'ce-T:': 5257, 'ce-F:': 2080, 'boogie_result': 1318, 'ce-I:': 1308, 'actual_z3': 13}
{'ce-T:': 16116, 'ce-I:': 5278, 'boogie_result': 2692, 'ce-F:': 2679, 'actual_z3': 18}
{'ce-I:': 15251, 'ce-T:': 12370, 'ce-F:': 8111, 'boogie_result': 4129, 'actual_z3': 25}
{'ce-T:': 32338, 'boogie_result': 5507, 'ce-F:': 5503, 'ce-I:': 5477, 'actual_z3': 15}
{'ce-T:': 45282, 'ce-I:': 19794, 'boogie_result': 9060, 'ce-F:': 9050, 'actual_z3': 18}
{'boogie_result': 17, 'actual_z3': 17, 'ce-F:': 16, 'ce-T:': 15, 'ce-I:': 11}
{'ce-I:': 35, 'boogie_result': 27, 'actual_z3': 27, 'ce-F:': 26, 'ce-T:': 24}
{'ce-I:': 290, 'boogie_result': 108, 'ce-T:': 107, 'ce-F:': 98, 'actual_z3': 79}
{'ce-I:': 193, 'boogie_result': 95, 'ce-T:': 93, 'ce-F:': 90, 'actual_z3': 88}
{'ce-I:': 407, 'ce-F:': 175, 'boogie_result': 105, 'ce-T:': 103, 'actual_z3': 35}
{'ce-I:': 204, 'boogie_result': 111, 'actual_z3': 111, 'ce-T:': 110, 'ce-F:': 105}
{'ce-I:': 371, 'boogie_result': 124, 'ce-F:': 123, 'ce-T:': 122, 'actual_z3': 66}
{'ce-I:': 592, 'boogie_result': 128, 'ce-T:': 127, 'ce-F:': 116, 'actual_z3': 19}
{'ce-I:': 771, 'ce-F:': 177, 'boogie_result': 166, 'ce-T:': 164, 'actual_z3': 65}
{'ce-I:': 868, 'boogie_result': 192, 'ce-T:': 191, 'ce-F:': 183, 'actual_z3': 89}
{'ce-T:': 395, 'boogie_result': 84, 'ce-F:': 76, 'ce-I:': 45, 'actual_z3': 15}
{'ce-T:': 2171, 'ce-I:': 1063, 'boogie_result': 547, 'ce-F:': 545, 'actual_z3': 15}
{'ce-T:': 2648, 'ce-I:': 823, 'boogie_result': 536, 'ce-F:': 533, 'actual_z3': 18}
{'ce-T:': 3057, 'ce-I:': 2268, 'boogie_result': 615, 'ce-F:': 610, 'actual_z3': 13}
{'ce-T:': 2694, 'ce-I:': 1524, 'boogie_result': 677, 'ce-F:': 672, 'actual_z3': 12}
{'ce-T:': 5257, 'ce-F:': 2080, 'boogie_result': 1318, 'ce-I:': 1308, 'actual_z3': 13}
{'ce-T:': 16116, 'ce-I:': 5278, 'boogie_result': 2692, 'ce-F:': 2679, 'actual_z3': 18}
{'ce-I:': 15251, 'ce-T:': 12370, 'ce-F:': 8111, 'boogie_result': 4129, 'actual_z3': 25}
{'ce-T:': 32338, 'boogie_result': 5507, 'ce-F:': 5503, 'ce-I:': 5477, 'actual_z3': 15}
{'ce-T:': 45282, 'ce-I:': 19794, 'boogie_result': 9060, 'ce-F:': 9050, 'actual_z3': 18}
{'ce-I:': 169, 'boogie_result': 56, 'ce-T:': 55, 'ce-F:': 54, 'actual_z3': 26}
{'ce-I:': 276, 'boogie_result': 74, 'ce-T:': 73, 'ce-F:': 67, 'actual_z3': 9}
{'ce-I:': 337, 'boogie_result': 91, 'ce-T:': 90, 'ce-F:': 84, 'actual_z3': 15}
{'ce-I:': 403, 'boogie_result': 86, 'ce-T:': 85, 'ce-F:': 64, 'actual_z3': 22}
{'ce-I:': 513, 'boogie_result': 138, 'ce-T:': 137, 'ce-F:': 135, 'actual_z3': 18}
{'ce-I:': 668, 'boogie_result': 135, 'ce-T:': 132, 'ce-F:': 128, 'actual_z3': 24}
{'ce-I:': 563, 'boogie_result': 140, 'ce-T:': 139, 'ce-F:': 131, 'actual_z3': 21}
{'ce-I:': 678, 'boogie_result': 172, 'ce-T:': 170, 'ce-F:': 157, 'actual_z3': 24}
{'ce-I:': 1004, 'boogie_result': 223, 'ce-T:': 222, 'ce-F:': 210, 'actual_z3': 22}
{'ce-I:': 1682, 'boogie_result': 232, 'ce-T:': 231, 'ce-F:': 215, 'actual_z3': 22}
{'ce-I:': 460, 'boogie_result': 103, 'ce-T:': 102, 'ce-F:': 100, 'actual_z3': 19}
{'ce-I:': 773, 'boogie_result': 132, 'ce-T:': 131, 'ce-F:': 130, 'actual_z3': 27}
{'ce-I:': 729, 'boogie_result': 143, 'ce-F:': 142, 'ce-T:': 141, 'actual_z3': 54}
{'ce-I:': 1069, 'boogie_result': 245, 'ce-T:': 244, 'ce-F:': 236, 'actual_z3': 69}
{'ce-I:': 4001, 'boogie_result': 405, 'ce-T:': 404, 'ce-F:': 399, 'actual_z3': 50}
{'ce-I:': 4254, 'boogie_result': 470, 'ce-T:': 469, 'ce-F:': 452, 'actual_z3': 51}
{'ce-I:': 4662, 'ce-F:': 1092, 'boogie_result': 583, 'ce-T:': 582, 'actual_z3': 49}
{'ce-I:': 6557, 'boogie_result': 589, 'ce-T:': 588, 'ce-F:': 584, 'actual_z3': 73}
{'ce-I:': 4679, 'boogie_result': 538, 'ce-T:': 537, 'ce-F:': 532, 'actual_z3': 32}
{'ce-I:': 5635, 'boogie_result': 644, 'ce-T:': 641, 'ce-F:': 625, 'actual_z3': 58}
{'boogie_result': 1, 'actual_z3': 1}
{'boogie_result': 2, 'actual_z3': 2, 'ce-T:': 1}
{'boogie_result': 3, 'actual_z3': 3, 'ce-I:': 2, 'ce-T:': 1}
{'boogie_result': 5, 'actual_z3': 5, 'ce-I:': 4, 'ce-T:': 3}
{'boogie_result': 4, 'actual_z3': 4, 'ce-T:': 3, 'ce-I:': 2}
{'boogie_result': 9, 'actual_z3': 9, 'ce-I:': 8, 'ce-T:': 7}
{'boogie_result': 6, 'actual_z3': 6, 'ce-T:': 5}
{'ce-I:': 13, 'boogie_result': 9, 'actual_z3': 9, 'ce-T:': 8}
{'ce-I:': 56, 'boogie_result': 23, 'actual_z3': 23, 'ce-T:': 22}
{'ce-I:': 30, 'boogie_result': 17, 'actual_z3': 17, 'ce-T:': 16}
{'boogie_result': 7, 'actual_z3': 7, 'ce-T:': 6, 'ce-I:': 4, 'ce-F:': 2}
{'boogie_result': 4, 'actual_z3': 4, 'ce-I:': 3, 'ce-T:': 3}
{'ce-I:': 14, 'boogie_result': 7, 'actual_z3': 7, 'ce-T:': 6}
{'boogie_result': 8, 'actual_z3': 8, 'ce-F:': 7, 'ce-T:': 6}
{'boogie_result': 11, 'actual_z3': 11, 'ce-I:': 10, 'ce-T:': 9}
{'ce-T:': 61, 'ce-I:': 29, 'boogie_result': 25, 'actual_z3': 21, 'ce-F:': 11}
{'ce-I:': 107, 'boogie_result': 27, 'ce-T:': 24, 'ce-F:': 19, 'actual_z3': 11}
{'ce-T:': 139, 'boogie_result': 39, 'ce-I:': 38, 'ce-F:': 32, 'actual_z3': 12}
{'ce-T:': 192, 'ce-I:': 88, 'boogie_result': 53, 'ce-F:': 46, 'actual_z3': 20}
{'ce-I:': 154, 'ce-T:': 133, 'boogie_result': 55, 'ce-F:': 32, 'actual_z3': 25}
{'boogie_result': 1, 'actual_z3': 1}
{'boogie_result': 1, 'actual_z3': 1}
{'boogie_result': 5, 'actual_z3': 5, 'ce-T:': 5, 'ce-I:': 3}
{'boogie_result': 7, 'actual_z3': 7, 'ce-T:': 6, 'ce-I:': 3}
{'boogie_result': 14, 'actual_z3': 14, 'ce-T:': 13, 'ce-I:': 3}
{'ce-T:': 7, 'boogie_result': 6, 'actual_z3': 6, 'ce-I:': 5}
{'ce-T:': 15, 'boogie_result': 9, 'actual_z3': 9, 'ce-I:': 5}
{'ce-T:': 11, 'boogie_result': 7, 'actual_z3': 7, 'ce-I:': 7}
{'ce-T:': 31, 'boogie_result': 17, 'actual_z3': 17, 'ce-I:': 10}
{'ce-I:': 31, 'ce-T:': 30, 'boogie_result': 20, 'actual_z3': 19}
{'boogie_result': 1, 'actual_z3': 1}
{'ce-I:': 131, 'ce-T:': 88, 'boogie_result': 49, 'ce-F:': 48, 'actual_z3': 18}
{'ce-I:': 295, 'ce-T:': 171, 'boogie_result': 89, 'ce-F:': 76, 'actual_z3': 18}
{'ce-T:': 311, 'ce-I:': 142, 'ce-F:': 139, 'boogie_result': 82, 'actual_z3': 16}
{'ce-I:': 335, 'ce-T:': 189, 'boogie_result': 97, 'ce-F:': 86, 'actual_z3': 17}
{'ce-I:': 281, 'ce-T:': 177, 'boogie_result': 100, 'ce-F:': 90, 'actual_z3': 28}
{'ce-I:': 751, 'ce-T:': 197, 'boogie_result': 101, 'ce-F:': 77, 'actual_z3': 21}
{'ce-T:': 508, 'ce-F:': 208, 'boogie_result': 133, 'ce-I:': 129, 'actual_z3': 14}
{'ce-T:': 489, 'ce-I:': 275, 'boogie_result': 129, 'ce-F:': 128, 'actual_z3': 21}
{'ce-T:': 403, 'ce-I:': 269, 'ce-F:': 207, 'boogie_result': 140, 'actual_z3': 16}
{'boogie_result': 4, 'actual_z3': 4, 'ce-T:': 3, 'ce-I:': 2, 'ce-F:': 1}
{'boogie_result': 5, 'actual_z3': 5, 'ce-T:': 4}
{'ce-T:': 16, 'boogie_result': 8, 'actual_z3': 8, 'ce-F:': 6}
{'ce-I:': 199, 'ce-F:': 139, 'ce-T:': 137, 'boogie_result': 72, 'actual_z3': 8}
{'ce-T:': 141, 'ce-I:': 140, 'ce-F:': 133, 'boogie_result': 72, 'actual_z3': 17}
{'ce-T:': 165, 'ce-F:': 153, 'ce-I:': 145, 'boogie_result': 85, 'actual_z3': 18}
{'ce-I:': 297, 'ce-F:': 207, 'ce-T:': 207, 'boogie_result': 106, 'actual_z3': 9}
{'ce-T:': 229, 'ce-I:': 206, 'ce-F:': 201, 'boogie_result': 119, 'actual_z3': 26}
{'ce-T:': 494, 'ce-F:': 255, 'boogie_result': 129, 'ce-I:': 106, 'actual_z3': 12}
{'ce-I:': 393, 'ce-T:': 348, 'boogie_result': 122, 'ce-F:': 117, 'actual_z3': 18}
{'boogie_result': 4, 'actual_z3': 4, 'ce-T:': 3, 'ce-I:': 3}
{'ce-T:': 12, 'boogie_result': 10, 'actual_z3': 10, 'ce-F:': 5}
{'ce-T:': 17, 'boogie_result': 10, 'actual_z3': 10, 'ce-I:': 2}
{'ce-I:': 36, 'ce-T:': 28, 'boogie_result': 23, 'actual_z3': 23, 'ce-F:': 16}
{'ce-I:': 91, 'ce-T:': 75, 'boogie_result': 39, 'ce-F:': 25, 'actual_z3': 16}
{'ce-I:': 121, 'ce-T:': 88, 'boogie_result': 46, 'ce-F:': 42, 'actual_z3': 10}
{'ce-T:': 279, 'ce-I:': 164, 'boogie_result': 101, 'ce-F:': 97, 'actual_z3': 25}
{'ce-I:': 352, 'ce-T:': 191, 'boogie_result': 97, 'ce-F:': 92, 'actual_z3': 24}
{'ce-I:': 333, 'ce-T:': 310, 'boogie_result': 111, 'ce-F:': 110, 'actual_z3': 36}
{'ce-I:': 537, 'boogie_result': 131, 'ce-T:': 130, 'ce-F:': 129, 'actual_z3': 29}
{'boogie_result': 2, 'actual_z3': 2, 'ce-T:': 1}
{'boogie_result': 9, 'actual_z3': 9, 'ce-I:': 9, 'ce-T:': 8}
{'ce-I:': 14, 'boogie_result': 11, 'actual_z3': 11, 'ce-T:': 10}
{'ce-I:': 17, 'boogie_result': 11, 'actual_z3': 11, 'ce-T:': 9}
{'ce-I:': 48, 'ce-T:': 21, 'boogie_result': 20, 'actual_z3': 18, 'ce-F:': 14}
{'ce-I:': 146, 'ce-T:': 89, 'boogie_result': 39, 'ce-F:': 24, 'actual_z3': 18}
{'ce-T:': 49, 'ce-I:': 30, 'boogie_result': 27, 'actual_z3': 24, 'ce-F:': 24}
{'ce-I:': 108, 'ce-T:': 37, 'boogie_result': 36, 'ce-F:': 34, 'actual_z3': 15}
{'ce-T:': 125, 'ce-I:': 77, 'boogie_result': 36, 'ce-F:': 23, 'actual_z3': 16}
{'ce-I:': 276, 'ce-T:': 100, 'boogie_result': 57, 'ce-F:': 43, 'actual_z3': 19}
{'boogie_result': 4, 'actual_z3': 4, 'ce-T:': 4, 'ce-F:': 2}
{'boogie_result': 3, 'actual_z3': 3, 'ce-T:': 2}
{'boogie_result': 4, 'actual_z3': 4, 'ce-T:': 3, 'ce-F:': 2}
{'ce-T:': 20, 'boogie_result': 18, 'actual_z3': 18, 'ce-F:': 13, 'ce-I:': 2}
{'ce-T:': 21, 'ce-I:': 15, 'boogie_result': 13, 'actual_z3': 11, 'ce-F:': 5}
{'ce-I:': 37, 'ce-T:': 21, 'boogie_result': 14, 'actual_z3': 13, 'ce-F:': 1}
{'ce-F:': 26, 'ce-T:': 24, 'boogie_result': 15, 'ce-I:': 12, 'actual_z3': 10}
{'ce-T:': 42, 'boogie_result': 27, 'ce-F:': 26, 'actual_z3': 25, 'ce-I:': 18}
{'ce-T:': 44, 'boogie_result': 24, 'actual_z3': 24, 'ce-F:': 20, 'ce-I:': 4}
{'ce-T:': 83, 'boogie_result': 29, 'actual_z3': 22, 'ce-F:': 8}
{'ce-I:': 105, 'ce-T:': 100, 'boogie_result': 39, 'ce-F:': 31, 'actual_z3': 10}
{'ce-I:': 518, 'ce-F:': 355, 'boogie_result': 138, 'ce-T:': 132, 'actual_z3': 13}
{'ce-I:': 1506, 'ce-F:': 718, 'ce-T:': 657, 'boogie_result': 337, 'actual_z3': 24}
{'ce-I:': 2141, 'ce-F:': 790, 'ce-T:': 741, 'boogie_result': 374, 'actual_z3': 26}
{'ce-T:': 1685, 'ce-I:': 1127, 'ce-F:': 1079, 'boogie_result': 428, 'actual_z3': 30}
{'ce-I:': 2765, 'ce-T:': 1547, 'ce-F:': 1462, 'boogie_result': 520, 'actual_z3': 20}
{'ce-T:': 2362, 'ce-I:': 2261, 'ce-F:': 1465, 'boogie_result': 586, 'actual_z3': 32}
{'ce-I:': 3001, 'ce-F:': 1436, 'ce-T:': 1091, 'boogie_result': 554, 'actual_z3': 40}
{'ce-I:': 2522, 'ce-T:': 1781, 'ce-F:': 1609, 'boogie_result': 600, 'actual_z3': 27}
{'ce-I:': 3100, 'ce-T:': 1540, 'ce-F:': 1167, 'boogie_result': 613, 'actual_z3': 27}
{'ce-I:': 4037, 'ce-F:': 2365, 'ce-T:': 1701, 'boogie_result': 861, 'actual_z3': 35}
{'ce-I:': 10806, 'ce-T:': 3388, 'ce-F:': 1301, 'boogie_result': 740, 'actual_z3': 45}
{'ce-I:': 4653, 'ce-T:': 1849, 'ce-F:': 1837, 'boogie_result': 927, 'actual_z3': 14}
{'ce-I:': 5623, 'ce-T:': 3976, 'ce-F:': 3880, 'boogie_result': 1329, 'actual_z3': 21}
{'ce-I:': 13756, 'ce-F:': 6564, 'boogie_result': 2242, 'ce-T:': 2238, 'actual_z3': 46}
{'ce-I:': 30496, 'ce-F:': 6449, 'ce-T:': 4405, 'boogie_result': 2235, 'actual_z3': 52}
{'ce-I:': 11853, 'ce-T:': 7919, 'ce-F:': 7593, 'boogie_result': 2646, 'actual_z3': 36}
{'ce-I:': 23303, 'ce-T:': 10787, 'ce-F:': 8211, 'boogie_result': 2842, 'actual_z3': 50}
{'ce-I:': 109032, 'ce-T:': 41937, 'ce-F:': 38716, 'boogie_result': 13131, 'actual_z3': 71}
{'ce-I:': 192856, 'ce-T:': 39750, 'ce-F:': 25704, 'boogie_result': 13254, 'actual_z3': 69}
{'boogie_result': 9, 'actual_z3': 9, 'ce-T:': 8, 'ce-F:': 4, 'ce-I:': 2}
{'boogie_result': 9, 'actual_z3': 9, 'ce-I:': 8, 'ce-T:': 8, 'ce-F:': 2}
{'ce-T:': 69, 'ce-I:': 32, 'boogie_result': 25, 'actual_z3': 18}
{'ce-I:': 37, 'boogie_result': 21, 'actual_z3': 20, 'ce-T:': 20, 'ce-F:': 16}
{'ce-I:': 102, 'boogie_result': 32, 'ce-T:': 31, 'ce-F:': 28, 'actual_z3': 14}
{'ce-T:': 270, 'ce-I:': 155, 'boogie_result': 71, 'ce-F:': 70, 'actual_z3': 20}
{'ce-T:': 177, 'ce-I:': 136, 'boogie_result': 61, 'ce-F:': 53, 'actual_z3': 10}
{'ce-T:': 161, 'ce-I:': 154, 'boogie_result': 59, 'ce-F:': 35, 'actual_z3': 13}
{'ce-I:': 261, 'ce-T:': 94, 'boogie_result': 63, 'ce-F:': 53, 'actual_z3': 19}
{'ce-T:': 494, 'ce-I:': 171, 'boogie_result': 112, 'ce-F:': 104, 'actual_z3': 20}
{'boogie_result': 7, 'actual_z3': 7, 'ce-F:': 6, 'ce-T:': 5}
{'ce-I:': 32, 'ce-T:': 26, 'boogie_result': 17, 'actual_z3': 13, 'ce-F:': 6}
{'ce-T:': 30, 'ce-I:': 18, 'boogie_result': 17, 'actual_z3': 14, 'ce-F:': 4}
{'ce-I:': 147, 'boogie_result': 40, 'ce-T:': 39, 'actual_z3': 26, 'ce-F:': 16}
{'ce-I:': 421, 'ce-T:': 315, 'boogie_result': 92, 'ce-F:': 66, 'actual_z3': 31}
{'ce-T:': 299, 'ce-I:': 245, 'boogie_result': 103, 'ce-F:': 100, 'actual_z3': 29}
{'ce-I:': 354, 'ce-T:': 190, 'boogie_result': 99, 'ce-F:': 95, 'actual_z3': 29}
{'ce-I:': 272, 'ce-T:': 263, 'boogie_result': 95, 'ce-F:': 91, 'actual_z3': 26}
{'ce-I:': 612, 'ce-T:': 352, 'boogie_result': 104, 'ce-F:': 64, 'actual_z3': 34}
{'ce-I:': 516, 'ce-T:': 221, 'boogie_result': 121, 'ce-F:': 119, 'actual_z3': 28}
{'boogie_result': 5, 'actual_z3': 5, 'ce-T:': 4, 'ce-F:': 3, 'ce-I:': 3}
{'boogie_result': 5, 'actual_z3': 5, 'ce-T:': 5}
{'ce-T:': 17, 'boogie_result': 9, 'actual_z3': 9, 'ce-F:': 5}
{'ce-T:': 35, 'ce-I:': 23, 'boogie_result': 15, 'actual_z3': 11, 'ce-F:': 6}
{'ce-I:': 138, 'ce-T:': 58, 'boogie_result': 44, 'ce-F:': 36, 'actual_z3': 21}
{'ce-I:': 84, 'boogie_result': 43, 'ce-T:': 42, 'ce-F:': 33, 'actual_z3': 29}
{'ce-I:': 185, 'boogie_result': 60, 'ce-T:': 59, 'ce-F:': 58, 'actual_z3': 23}
{'ce-T:': 131, 'ce-I:': 103, 'boogie_result': 52, 'ce-F:': 46, 'actual_z3': 22}
{'ce-I:': 498, 'ce-T:': 170, 'boogie_result': 106, 'ce-F:': 105, 'actual_z3': 26}
{'ce-I:': 435, 'ce-T:': 192, 'boogie_result': 98, 'ce-F:': 75, 'actual_z3': 22}
{'boogie_result': 9, 'actual_z3': 9, 'ce-T:': 8, 'ce-F:': 7}
{'boogie_result': 19, 'actual_z3': 19, 'ce-T:': 18, 'ce-I:': 18, 'ce-F:': 14}
{'ce-I:': 71, 'boogie_result': 28, 'ce-T:': 27, 'ce-F:': 24, 'actual_z3': 20}
{'ce-I:': 61, 'boogie_result': 23, 'actual_z3': 23, 'ce-F:': 20, 'ce-T:': 19}
{'ce-I:': 137, 'boogie_result': 36, 'ce-T:': 35, 'ce-F:': 24, 'actual_z3': 16}
{'ce-I:': 146, 'boogie_result': 47, 'ce-T:': 46, 'actual_z3': 34, 'ce-F:': 32}
{'ce-I:': 113, 'boogie_result': 44, 'ce-T:': 43, 'ce-F:': 37, 'actual_z3': 31}
{'ce-I:': 143, 'boogie_result': 51, 'ce-T:': 49, 'ce-F:': 41, 'actual_z3': 28}
{'ce-I:': 159, 'boogie_result': 43, 'ce-T:': 39, 'ce-F:': 37, 'actual_z3': 9}
{'ce-I:': 152, 'boogie_result': 47, 'ce-T:': 46, 'ce-F:': 42, 'actual_z3': 20}
{'ce-I:': 108, 'boogie_result': 37, 'ce-T:': 36, 'ce-F:': 20, 'actual_z3': 19}
{'ce-I:': 421, 'boogie_result': 91, 'ce-T:': 90, 'ce-F:': 87, 'actual_z3': 30}
{'ce-I:': 463, 'boogie_result': 123, 'ce-T:': 121, 'ce-F:': 111, 'actual_z3': 42}
{'ce-I:': 3459, 'boogie_result': 401, 'ce-T:': 400, 'ce-F:': 398, 'actual_z3': 80}
{'ce-I:': 3270, 'ce-F:': 875, 'boogie_result': 451, 'ce-T:': 450, 'actual_z3': 53}
{'ce-I:': 7903, 'boogie_result': 926, 'ce-T:': 925, 'ce-F:': 915, 'actual_z3': 24}
{'ce-I:': 6039, 'boogie_result': 957, 'ce-T:': 956, 'ce-F:': 948, 'actual_z3': 43}
{'ce-I:': 10323, 'boogie_result': 1505, 'ce-T:': 1504, 'ce-F:': 1486, 'actual_z3': 42}
{'ce-I:': 12753, 'boogie_result': 1688, 'ce-T:': 1687, 'ce-F:': 1685, 'actual_z3': 57}
{'ce-I:': 15366, 'boogie_result': 1785, 'ce-T:': 1784, 'ce-F:': 1783, 'actual_z3': 42}
{'boogie_result': 1, 'actual_z3': 1}
{'boogie_result': 2, 'actual_z3': 2, 'ce-T:': 1}
{'boogie_result': 3, 'actual_z3': 3, 'ce-T:': 2}
{'boogie_result': 2, 'actual_z3': 2, 'ce-T:': 1}
{'boogie_result': 1, 'actual_z3': 1}
{'boogie_result': 4, 'actual_z3': 4, 'ce-T:': 3, 'ce-I:': 2}
{'boogie_result': 6, 'actual_z3': 6, 'ce-I:': 5, 'ce-T:': 4}
{'ce-I:': 16, 'boogie_result': 13, 'actual_z3': 13, 'ce-T:': 12}
{'ce-I:': 45, 'boogie_result': 27, 'actual_z3': 27, 'ce-T:': 26}
{'ce-I:': 258, 'boogie_result': 52, 'ce-T:': 50, 'actual_z3': 28}
{'boogie_result': 1, 'actual_z3': 1}
{'ce-I:': 131, 'ce-T:': 88, 'boogie_result': 49, 'ce-F:': 48, 'actual_z3': 18}
{'ce-I:': 295, 'ce-T:': 171, 'boogie_result': 89, 'ce-F:': 76, 'actual_z3': 18}
{'ce-T:': 311, 'ce-I:': 142, 'ce-F:': 139, 'boogie_result': 82, 'actual_z3': 16}
{'ce-I:': 335, 'ce-T:': 189, 'boogie_result': 97, 'ce-F:': 86, 'actual_z3': 17}
{'ce-I:': 281, 'ce-T:': 177, 'boogie_result': 100, 'ce-F:': 90, 'actual_z3': 28}
{'ce-I:': 751, 'ce-T:': 197, 'boogie_result': 101, 'ce-F:': 77, 'actual_z3': 21}
{'ce-T:': 508, 'ce-F:': 208, 'boogie_result': 133, 'ce-I:': 129, 'actual_z3': 14}
{'ce-T:': 489, 'ce-I:': 275, 'boogie_result': 129, 'ce-F:': 128, 'actual_z3': 21}
{'ce-T:': 403, 'ce-I:': 269, 'ce-F:': 207, 'boogie_result': 140, 'actual_z3': 16}
{'boogie_result': 4, 'actual_z3': 4, 'ce-T:': 3, 'ce-I:': 2, 'ce-F:': 1}
{'boogie_result': 5, 'actual_z3': 5, 'ce-T:': 4}
{'ce-T:': 16, 'boogie_result': 8, 'actual_z3': 8, 'ce-F:': 6}
{'ce-I:': 199, 'ce-F:': 139, 'ce-T:': 137, 'boogie_result': 72, 'actual_z3': 8}
{'ce-T:': 141, 'ce-I:': 140, 'ce-F:': 133, 'boogie_result': 72, 'actual_z3': 17}
{'ce-T:': 165, 'ce-F:': 153, 'ce-I:': 145, 'boogie_result': 85, 'actual_z3': 18}
{'ce-I:': 297, 'ce-F:': 207, 'ce-T:': 207, 'boogie_result': 106, 'actual_z3': 9}
{'ce-T:': 229, 'ce-I:': 206, 'ce-F:': 201, 'boogie_result': 119, 'actual_z3': 26}
{'ce-T:': 494, 'ce-F:': 255, 'boogie_result': 129, 'ce-I:': 106, 'actual_z3': 12}
{'ce-I:': 393, 'ce-T:': 348, 'boogie_result': 122, 'ce-F:': 117, 'actual_z3': 18}
{'boogie_result': 4, 'actual_z3': 4, 'ce-T:': 3, 'ce-I:': 3}
{'ce-T:': 12, 'boogie_result': 10, 'actual_z3': 10, 'ce-F:': 5}
{'ce-T:': 17, 'boogie_result': 10, 'actual_z3': 10, 'ce-I:': 2}
{'ce-I:': 36, 'ce-T:': 28, 'boogie_result': 23, 'actual_z3': 23, 'ce-F:': 16}
{'ce-I:': 91, 'ce-T:': 75, 'boogie_result': 39, 'ce-F:': 25, 'actual_z3': 16}
{'ce-I:': 121, 'ce-T:': 88, 'boogie_result': 46, 'ce-F:': 42, 'actual_z3': 10}
{'ce-T:': 279, 'ce-I:': 164, 'boogie_result': 101, 'ce-F:': 97, 'actual_z3': 25}
{'ce-I:': 352, 'ce-T:': 191, 'boogie_result': 97, 'ce-F:': 92, 'actual_z3': 24}
{'ce-I:': 333, 'ce-T:': 310, 'boogie_result': 111, 'ce-F:': 110, 'actual_z3': 36}
{'ce-I:': 537, 'boogie_result': 131, 'ce-T:': 130, 'ce-F:': 129, 'actual_z3': 29}
{'ce-I:': 22, 'ce-T:': 18, 'boogie_result': 14, 'ce-F:': 12, 'actual_z3': 10}
{'ce-I:': 90, 'boogie_result': 32, 'ce-F:': 31, 'ce-T:': 30, 'actual_z3': 25}
{'ce-T:': 124, 'ce-I:': 94, 'boogie_result': 52, 'ce-F:': 44, 'actual_z3': 26}
{'ce-I:': 243, 'ce-T:': 209, 'ce-F:': 207, 'boogie_result': 110, 'actual_z3': 19}
{'ce-F:': 218, 'ce-T:': 211, 'ce-I:': 203, 'boogie_result': 111, 'actual_z3': 15}
{'ce-T:': 368, 'ce-I:': 337, 'boogie_result': 129, 'ce-F:': 121, 'actual_z3': 25}
{'ce-T:': 518, 'ce-F:': 201, 'boogie_result': 135, 'ce-I:': 120, 'actual_z3': 30}
{'ce-T:': 751, 'ce-I:': 409, 'ce-F:': 349, 'boogie_result': 158, 'actual_z3': 25}
{'ce-T:': 693, 'ce-I:': 516, 'ce-F:': 330, 'boogie_result': 188, 'actual_z3': 21}
{'ce-T:': 551, 'ce-F:': 360, 'ce-I:': 274, 'boogie_result': 193, 'actual_z3': 20}
{'ce-T:': 132, 'ce-I:': 77, 'boogie_result': 47, 'ce-F:': 45, 'actual_z3': 21}
{'ce-I:': 90, 'ce-T:': 83, 'boogie_result': 43, 'ce-F:': 39, 'actual_z3': 16}
{'ce-T:': 208, 'ce-I:': 182, 'boogie_result': 74, 'ce-F:': 67, 'actual_z3': 15}
{'ce-I:': 286, 'ce-T:': 160, 'ce-F:': 85, 'boogie_result': 83, 'actual_z3': 19}
{'ce-I:': 411, 'ce-T:': 156, 'boogie_result': 113, 'ce-F:': 99, 'actual_z3': 19}
{'ce-T:': 497, 'ce-I:': 213, 'ce-F:': 147, 'boogie_result': 129, 'actual_z3': 16}
{'ce-I:': 1040, 'ce-T:': 504, 'ce-F:': 243, 'boogie_result': 174, 'actual_z3': 23}
{'ce-I:': 739, 'ce-T:': 312, 'ce-F:': 215, 'boogie_result': 158, 'actual_z3': 24}
{'ce-I:': 842, 'ce-T:': 331, 'ce-F:': 240, 'boogie_result': 170, 'actual_z3': 16}
{'ce-T:': 547, 'ce-I:': 504, 'ce-F:': 262, 'boogie_result': 193, 'actual_z3': 25}
{'ce-I:': 105, 'ce-T:': 100, 'boogie_result': 39, 'ce-F:': 31, 'actual_z3': 10}
{'ce-I:': 518, 'ce-F:': 355, 'boogie_result': 138, 'ce-T:': 132, 'actual_z3': 13}
{'ce-I:': 1506, 'ce-F:': 718, 'ce-T:': 657, 'boogie_result': 337, 'actual_z3': 24}
{'ce-I:': 2141, 'ce-F:': 790, 'ce-T:': 741, 'boogie_result': 374, 'actual_z3': 26}
{'ce-T:': 1685, 'ce-I:': 1127, 'ce-F:': 1079, 'boogie_result': 428, 'actual_z3': 30}
{'ce-I:': 2765, 'ce-T:': 1547, 'ce-F:': 1462, 'boogie_result': 520, 'actual_z3': 20}
{'ce-T:': 2362, 'ce-I:': 2261, 'ce-F:': 1465, 'boogie_result': 586, 'actual_z3': 32}
{'ce-I:': 3001, 'ce-F:': 1436, 'ce-T:': 1091, 'boogie_result': 554, 'actual_z3': 40}
{'ce-I:': 2522, 'ce-T:': 1781, 'ce-F:': 1609, 'boogie_result': 600, 'actual_z3': 27}
{'ce-I:': 3100, 'ce-T:': 1540, 'ce-F:': 1167, 'boogie_result': 613, 'actual_z3': 27}
{'ce-I:': 4037, 'ce-F:': 2365, 'ce-T:': 1701, 'boogie_result': 861, 'actual_z3': 35}
{'ce-I:': 10806, 'ce-T:': 3388, 'ce-F:': 1301, 'boogie_result': 740, 'actual_z3': 45}
{'ce-I:': 4653, 'ce-T:': 1849, 'ce-F:': 1837, 'boogie_result': 927, 'actual_z3': 14}
{'ce-I:': 5623, 'ce-T:': 3976, 'ce-F:': 3880, 'boogie_result': 1329, 'actual_z3': 21}
{'ce-I:': 13756, 'ce-F:': 6564, 'boogie_result': 2242, 'ce-T:': 2238, 'actual_z3': 46}
{'ce-I:': 30496, 'ce-F:': 6449, 'ce-T:': 4405, 'boogie_result': 2235, 'actual_z3': 52}
{'ce-I:': 11853, 'ce-T:': 7919, 'ce-F:': 7593, 'boogie_result': 2646, 'actual_z3': 36}
{'ce-I:': 23303, 'ce-T:': 10787, 'ce-F:': 8211, 'boogie_result': 2842, 'actual_z3': 50}
{'ce-I:': 109032, 'ce-T:': 41937, 'ce-F:': 38716, 'boogie_result': 13131, 'actual_z3': 71}
{'ce-I:': 192856, 'ce-T:': 39750, 'ce-F:': 25704, 'boogie_result': 13254, 'actual_z3': 69}
{'boogie_result': 9, 'actual_z3': 9, 'ce-T:': 8, 'ce-F:': 4, 'ce-I:': 2}
{'boogie_result': 9, 'actual_z3': 9, 'ce-I:': 8, 'ce-T:': 8, 'ce-F:': 2}
{'ce-T:': 69, 'ce-I:': 32, 'boogie_result': 25, 'actual_z3': 18}
{'ce-I:': 37, 'boogie_result': 21, 'actual_z3': 20, 'ce-T:': 20, 'ce-F:': 16}
{'ce-I:': 102, 'boogie_result': 32, 'ce-T:': 31, 'ce-F:': 28, 'actual_z3': 14}
{'ce-T:': 270, 'ce-I:': 155, 'boogie_result': 71, 'ce-F:': 70, 'actual_z3': 20}
{'ce-T:': 177, 'ce-I:': 136, 'boogie_result': 61, 'ce-F:': 53, 'actual_z3': 10}
{'ce-T:': 161, 'ce-I:': 154, 'boogie_result': 59, 'ce-F:': 35, 'actual_z3': 13}
{'ce-I:': 261, 'ce-T:': 94, 'boogie_result': 63, 'ce-F:': 53, 'actual_z3': 19}
{'ce-T:': 494, 'ce-I:': 171, 'boogie_result': 112, 'ce-F:': 104, 'actual_z3': 20}
{'ce-I:': 15564, 'ce-T:': 13517, 'boogie_result': 1654, 'ce-F:': 1640, 'actual_z3': 34}
{'ce-T:': 32390, 'ce-I:': 15204, 'ce-F:': 5339, 'boogie_result': 2984, 'actual_z3': 113}
{'ce-I:': 56050, 'ce-T:': 34189, 'ce-F:': 5666, 'boogie_result': 4326, 'actual_z3': 97}
{'ce-I:': 62430, 'ce-T:': 21611, 'ce-F:': 8711, 'boogie_result': 4393, 'actual_z3': 65}
{'ce-I:': 95872, 'ce-T:': 55203, 'ce-F:': 8787, 'boogie_result': 5758, 'actual_z3': 84}
{'ce-T:': 87145, 'ce-I:': 77691, 'ce-F:': 15329, 'boogie_result': 9099, 'actual_z3': 111}
{'ce-I:': 111636, 'ce-T:': 85003, 'ce-F:': 23489, 'boogie_result': 9273, 'actual_z3': 186}
{'ce-I:': 237591, 'ce-T:': 96154, 'ce-F:': 15557, 'boogie_result': 10261, 'actual_z3': 98}
{'ce-I:': 207577, 'ce-T:': 105764, 'ce-F:': 20091, 'boogie_result': 10293, 'actual_z3': 196}
{'ce-I:': 296873, 'ce-T:': 119959, 'ce-F:': 29403, 'boogie_result': 11956, 'actual_z3': 234}
{'ce-I:': 2322, 'ce-T:': 2110, 'boogie_result': 411, 'ce-F:': 410, 'actual_z3': 39}
{'ce-T:': 3322, 'ce-I:': 1843, 'boogie_result': 503, 'ce-F:': 496, 'actual_z3': 35}
{'ce-I:': 7773, 'ce-T:': 5781, 'boogie_result': 702, 'ce-F:': 674, 'actual_z3': 83}
{'ce-T:': 5449, 'ce-I:': 4801, 'boogie_result': 688, 'ce-F:': 677, 'actual_z3': 59}
{'ce-I:': 8388, 'ce-T:': 7301, 'boogie_result': 1096, 'ce-F:': 1095, 'actual_z3': 92}
{'ce-T:': 10158, 'ce-I:': 8421, 'ce-F:': 1888, 'boogie_result': 1041, 'actual_z3': 65}
{'ce-I:': 10805, 'ce-T:': 10117, 'boogie_result': 1056, 'ce-F:': 1039, 'actual_z3': 88}
{'ce-I:': 42793, 'ce-T:': 18576, 'ce-F:': 3732, 'boogie_result': 2288, 'actual_z3': 118}
{'ce-I:': 157268, 'ce-T:': 63965, 'ce-F:': 6346, 'boogie_result': 4596, 'actual_z3': 348}
{'ce-I:': 77008, 'ce-T:': 74631, 'ce-F:': 16565, 'boogie_result': 5612, 'actual_z3': 145}
{'ce-I:': 1765, 'ce-T:': 1372, 'boogie_result': 243, 'ce-F:': 238, 'actual_z3': 33}
{'ce-I:': 3297, 'ce-T:': 2697, 'boogie_result': 387, 'ce-F:': 355, 'actual_z3': 39}
{'ce-I:': 3460, 'ce-T:': 2279, 'boogie_result': 413, 'ce-F:': 399, 'actual_z3': 26}
{'ce-I:': 5206, 'ce-T:': 2624, 'boogie_result': 428, 'ce-F:': 398, 'actual_z3': 45}
{'ce-I:': 3209, 'ce-T:': 3160, 'ce-F:': 630, 'boogie_result': 461, 'actual_z3': 35}
{'ce-I:': 4233, 'ce-T:': 2895, 'boogie_result': 470, 'ce-F:': 466, 'actual_z3': 33}
{'ce-I:': 10878, 'ce-T:': 9391, 'boogie_result': 1451, 'ce-F:': 1450, 'actual_z3': 28}
{'ce-I:': 19313, 'ce-T:': 13859, 'ce-F:': 3068, 'boogie_result': 1663, 'actual_z3': 43}
{'ce-I:': 23476, 'ce-T:': 12076, 'boogie_result': 1602, 'ce-F:': 1594, 'actual_z3': 39}
{'ce-I:': 24834, 'ce-T:': 12519, 'boogie_result': 1706, 'ce-F:': 1702, 'actual_z3': 54}
{'ce-T:': 2240, 'ce-I:': 1948, 'boogie_result': 454, 'ce-F:': 450, 'actual_z3': 31}
{'ce-I:': 7000, 'ce-T:': 6282, 'ce-F:': 780, 'boogie_result': 759, 'actual_z3': 44}
{'ce-I:': 11103, 'ce-T:': 8319, 'ce-F:': 1826, 'boogie_result': 1108, 'actual_z3': 55}
{'ce-I:': 16634, 'ce-T:': 12191, 'ce-F:': 1344, 'boogie_result': 1253, 'actual_z3': 65}
{'ce-I:': 20025, 'ce-T:': 11625, 'ce-F:': 2324, 'boogie_result': 1435, 'actual_z3': 53}
{'ce-I:': 23981, 'ce-T:': 13947, 'ce-F:': 2017, 'boogie_result': 1880, 'actual_z3': 43}
{'ce-I:': 32553, 'ce-T:': 22603, 'ce-F:': 4545, 'boogie_result': 2139, 'actual_z3': 62}
{'ce-I:': 11221, 'ce-T:': 10026, 'ce-F:': 4611, 'boogie_result': 2012, 'actual_z3': 45}
{'ce-I:': 19537, 'ce-T:': 14609, 'ce-F:': 7392, 'boogie_result': 2107, 'actual_z3': 73}
{'ce-I:': 25530, 'ce-T:': 21744, 'ce-F:': 4429, 'boogie_result': 2332, 'actual_z3': 68}
{'boogie_result': 4, 'actual_z3': 4, 'ce-T:': 3}
{'ce-I:': 25, 'boogie_result': 24, 'actual_z3': 24, 'ce-T:': 23, 'ce-F:': 14}
{'ce-I:': 333, 'ce-F:': 94, 'boogie_result': 65, 'ce-T:': 64, 'actual_z3': 24}
{'ce-T:': 100, 'ce-I:': 92, 'ce-F:': 68, 'boogie_result': 57, 'actual_z3': 29}
{'ce-I:': 326, 'ce-T:': 112, 'ce-F:': 77, 'boogie_result': 68, 'actual_z3': 28}
{'ce-I:': 468, 'ce-T:': 141, 'ce-F:': 120, 'boogie_result': 78, 'actual_z3': 23}
{'ce-I:': 445, 'boogie_result': 77, 'ce-T:': 76, 'ce-F:': 52, 'actual_z3': 30}
{'ce-I:': 461, 'ce-F:': 269, 'boogie_result': 96, 'ce-T:': 95, 'actual_z3': 20}
{'ce-F:': 261, 'ce-I:': 178, 'ce-T:': 168, 'boogie_result': 94, 'actual_z3': 27}
{'ce-I:': 1585, 'ce-F:': 155, 'boogie_result': 115, 'ce-T:': 113, 'actual_z3': 36}
{'boogie_result': 2, 'actual_z3': 2, 'ce-I:': 1}
{'boogie_result': 2, 'actual_z3': 2, 'ce-I:': 1}
{'boogie_result': 2, 'actual_z3': 2, 'ce-T:': 1}
{'boogie_result': 6, 'actual_z3': 6, 'ce-T:': 5}
{'ce-T:': 19, 'ce-I:': 18, 'boogie_result': 11, 'actual_z3': 11}
{'boogie_result': 6, 'actual_z3': 6, 'ce-T:': 5}
{'boogie_result': 5, 'actual_z3': 5, 'ce-I:': 4, 'ce-T:': 3}
{'ce-T:': 22, 'boogie_result': 10, 'actual_z3': 10, 'ce-I:': 3}
{'boogie_result': 9, 'actual_z3': 9, 'ce-T:': 8, 'ce-I:': 1}
{'boogie_result': 6, 'actual_z3': 6, 'ce-T:': 5, 'ce-I:': 4}
{'boogie_result': 4, 'actual_z3': 4, 'ce-T:': 3}
{'ce-I:': 25, 'boogie_result': 24, 'actual_z3': 24, 'ce-T:': 23, 'ce-F:': 14}
{'ce-I:': 333, 'ce-F:': 94, 'boogie_result': 65, 'ce-T:': 64, 'actual_z3': 24}
{'ce-T:': 100, 'ce-I:': 92, 'ce-F:': 68, 'boogie_result': 57, 'actual_z3': 29}
{'ce-I:': 326, 'ce-T:': 112, 'ce-F:': 77, 'boogie_result': 68, 'actual_z3': 28}
{'ce-I:': 468, 'ce-T:': 141, 'ce-F:': 120, 'boogie_result': 78, 'actual_z3': 23}
{'ce-I:': 445, 'boogie_result': 77, 'ce-T:': 76, 'ce-F:': 52, 'actual_z3': 30}
{'ce-I:': 461, 'ce-F:': 269, 'boogie_result': 96, 'ce-T:': 95, 'actual_z3': 20}
{'ce-F:': 261, 'ce-I:': 178, 'ce-T:': 168, 'boogie_result': 94, 'actual_z3': 27}
{'ce-I:': 1585, 'ce-F:': 155, 'boogie_result': 115, 'ce-T:': 113, 'actual_z3': 36}
{'boogie_result': 2, 'actual_z3': 2, 'ce-I:': 1}
{'boogie_result': 2, 'actual_z3': 2, 'ce-I:': 1}
{'boogie_result': 2, 'actual_z3': 2, 'ce-T:': 1}
{'boogie_result': 6, 'actual_z3': 6, 'ce-T:': 5}
{'ce-T:': 19, 'ce-I:': 18, 'boogie_result': 11, 'actual_z3': 11}
{'boogie_result': 6, 'actual_z3': 6, 'ce-T:': 5}
{'boogie_result': 5, 'actual_z3': 5, 'ce-I:': 4, 'ce-T:': 3}
{'ce-T:': 22, 'boogie_result': 10, 'actual_z3': 10, 'ce-I:': 3}
{'boogie_result': 9, 'actual_z3': 9, 'ce-T:': 8, 'ce-I:': 1}
{'boogie_result': 6, 'actual_z3': 6, 'ce-T:': 5, 'ce-I:': 4}
{'ce-T:': 86, 'boogie_result': 26, 'actual_z3': 20, 'ce-F:': 13}
{'ce-T:': 611, 'boogie_result': 128, 'ce-I:': 123, 'ce-F:': 109, 'actual_z3': 14}
{'ce-T:': 646, 'boogie_result': 167, 'ce-I:': 165, 'ce-F:': 158, 'actual_z3': 18}
{'ce-T:': 1523, 'ce-I:': 716, 'ce-F:': 648, 'boogie_result': 386, 'actual_z3': 17}
{'ce-T:': 2496, 'ce-I:': 2223, 'ce-F:': 865, 'boogie_result': 635, 'actual_z3': 26}
{'ce-T:': 5487, 'ce-I:': 4148, 'ce-F:': 1981, 'boogie_result': 1205, 'actual_z3': 39}
{'ce-T:': 13338, 'ce-I:': 6815, 'ce-F:': 5295, 'boogie_result': 2675, 'actual_z3': 20}
{'ce-T:': 15555, 'ce-F:': 6214, 'ce-I:': 5025, 'boogie_result': 3201, 'actual_z3': 21}
{'ce-I:': 23942, 'ce-T:': 12553, 'ce-F:': 10458, 'boogie_result': 3382, 'actual_z3': 33}
{'ce-T:': 15585, 'ce-I:': 9400, 'ce-F:': 7599, 'boogie_result': 3716, 'actual_z3': 24}
{'ce-I:': 6, 'boogie_result': 5, 'actual_z3': 5, 'ce-T:': 3}
{'ce-T:': 136, 'ce-I:': 69, 'boogie_result': 44, 'ce-F:': 39, 'actual_z3': 20}
{'ce-T:': 409, 'ce-I:': 249, 'boogie_result': 94, 'ce-F:': 51, 'actual_z3': 38}
{'ce-T:': 204, 'ce-I:': 191, 'boogie_result': 73, 'ce-F:': 55, 'actual_z3': 21}
{'ce-T:': 352, 'ce-I:': 201, 'ce-F:': 106, 'boogie_result': 94, 'actual_z3': 21}
{'ce-T:': 474, 'ce-F:': 241, 'boogie_result': 123, 'ce-I:': 81, 'actual_z3': 18}
{'ce-T:': 382, 'ce-I:': 308, 'ce-F:': 275, 'boogie_result': 142, 'actual_z3': 20}
{'ce-T:': 541, 'ce-F:': 354, 'ce-I:': 157, 'boogie_result': 139, 'actual_z3': 13}
{'ce-T:': 391, 'ce-I:': 235, 'boogie_result': 120, 'ce-F:': 114, 'actual_z3': 26}
{'ce-T:': 621, 'ce-I:': 409, 'ce-F:': 243, 'boogie_result': 160, 'actual_z3': 15}
{'ce-T:': 7, 'boogie_result': 5, 'actual_z3': 5, 'ce-F:': 2}
{'ce-T:': 56, 'boogie_result': 21, 'ce-F:': 20, 'actual_z3': 15, 'ce-I:': 10}
{'ce-T:': 98, 'ce-I:': 59, 'boogie_result': 37, 'ce-F:': 24, 'actual_z3': 14}
{'ce-T:': 118, 'ce-I:': 59, 'boogie_result': 34, 'ce-F:': 23, 'actual_z3': 11}
{'ce-T:': 198, 'ce-I:': 68, 'boogie_result': 48, 'ce-F:': 32, 'actual_z3': 18}
{'ce-I:': 248, 'ce-T:': 137, 'ce-F:': 96, 'boogie_result': 71, 'actual_z3': 16}
{'ce-T:': 212, 'ce-I:': 151, 'boogie_result': 79, 'ce-F:': 68, 'actual_z3': 22}
{'ce-I:': 305, 'ce-T:': 266, 'ce-F:': 107, 'boogie_result': 93, 'actual_z3': 11}
{'ce-T:': 314, 'ce-I:': 208, 'ce-F:': 125, 'boogie_result': 110, 'actual_z3': 12}
{'ce-T:': 445, 'ce-I:': 369, 'boogie_result': 113, 'ce-F:': 109, 'actual_z3': 20}
{'ce-T:': 325, 'boogie_result': 69, 'ce-F:': 65, 'actual_z3': 9}
{'ce-T:': 2744, 'boogie_result': 402, 'ce-F:': 393, 'ce-I:': 327, 'actual_z3': 13}
{'ce-T:': 2424, 'ce-I:': 1973, 'boogie_result': 503, 'ce-F:': 489, 'actual_z3': 14}
{'ce-T:': 2387, 'boogie_result': 569, 'ce-F:': 566, 'ce-I:': 562, 'actual_z3': 14}
{'ce-T:': 2069, 'ce-I:': 1638, 'boogie_result': 549, 'ce-F:': 539, 'actual_z3': 21}
{'ce-T:': 3274, 'ce-I:': 1246, 'boogie_result': 666, 'ce-F:': 660, 'actual_z3': 14}
{'ce-T:': 4184, 'ce-I:': 1803, 'boogie_result': 842, 'ce-F:': 833, 'actual_z3': 16}
{'ce-I:': 15927, 'ce-T:': 4438, 'boogie_result': 1476, 'ce-F:': 1437, 'actual_z3': 64}
{'ce-I:': 10164, 'ce-T:': 4679, 'boogie_result': 1567, 'ce-F:': 1555, 'actual_z3': 14}
{'ce-I:': 11175, 'ce-T:': 5179, 'boogie_result': 1732, 'ce-F:': 1716, 'actual_z3': 64}
{'ce-T:': 86, 'boogie_result': 26, 'actual_z3': 20, 'ce-F:': 13}
{'ce-T:': 611, 'boogie_result': 128, 'ce-I:': 123, 'ce-F:': 109, 'actual_z3': 14}
{'ce-T:': 646, 'boogie_result': 167, 'ce-I:': 165, 'ce-F:': 158, 'actual_z3': 18}
{'ce-T:': 1523, 'ce-I:': 716, 'ce-F:': 648, 'boogie_result': 386, 'actual_z3': 17}
{'ce-T:': 2496, 'ce-I:': 2223, 'ce-F:': 865, 'boogie_result': 635, 'actual_z3': 26}
{'ce-T:': 5487, 'ce-I:': 4148, 'ce-F:': 1981, 'boogie_result': 1205, 'actual_z3': 39}
{'ce-T:': 13338, 'ce-I:': 6815, 'ce-F:': 5295, 'boogie_result': 2675, 'actual_z3': 20}
{'ce-T:': 15555, 'ce-F:': 6214, 'ce-I:': 5025, 'boogie_result': 3201, 'actual_z3': 21}
{'ce-I:': 23942, 'ce-T:': 12553, 'ce-F:': 10458, 'boogie_result': 3382, 'actual_z3': 33}
{'ce-T:': 15585, 'ce-I:': 9400, 'ce-F:': 7599, 'boogie_result': 3716, 'actual_z3': 24}
{'ce-I:': 6, 'boogie_result': 5, 'actual_z3': 5, 'ce-T:': 3}
{'ce-T:': 136, 'ce-I:': 69, 'boogie_result': 44, 'ce-F:': 39, 'actual_z3': 20}
{'ce-T:': 409, 'ce-I:': 249, 'boogie_result': 94, 'ce-F:': 51, 'actual_z3': 38}
{'ce-T:': 204, 'ce-I:': 191, 'boogie_result': 73, 'ce-F:': 55, 'actual_z3': 21}
{'ce-T:': 352, 'ce-I:': 201, 'ce-F:': 106, 'boogie_result': 94, 'actual_z3': 21}
{'ce-T:': 474, 'ce-F:': 241, 'boogie_result': 123, 'ce-I:': 81, 'actual_z3': 18}
{'ce-T:': 382, 'ce-I:': 308, 'ce-F:': 275, 'boogie_result': 142, 'actual_z3': 20}
{'ce-T:': 541, 'ce-F:': 354, 'ce-I:': 157, 'boogie_result': 139, 'actual_z3': 13}
{'ce-T:': 391, 'ce-I:': 235, 'boogie_result': 120, 'ce-F:': 114, 'actual_z3': 26}
{'ce-T:': 621, 'ce-I:': 409, 'ce-F:': 243, 'boogie_result': 160, 'actual_z3': 15}
{'ce-T:': 7, 'boogie_result': 5, 'actual_z3': 5, 'ce-F:': 2}
{'ce-T:': 56, 'boogie_result': 21, 'ce-F:': 20, 'actual_z3': 15, 'ce-I:': 10}
{'ce-T:': 98, 'ce-I:': 59, 'boogie_result': 37, 'ce-F:': 24, 'actual_z3': 14}
{'ce-T:': 118, 'ce-I:': 59, 'boogie_result': 34, 'ce-F:': 23, 'actual_z3': 11}
{'ce-T:': 198, 'ce-I:': 68, 'boogie_result': 48, 'ce-F:': 32, 'actual_z3': 18}
{'ce-I:': 248, 'ce-T:': 137, 'ce-F:': 96, 'boogie_result': 71, 'actual_z3': 16}
{'ce-T:': 212, 'ce-I:': 151, 'boogie_result': 79, 'ce-F:': 68, 'actual_z3': 22}
{'ce-I:': 305, 'ce-T:': 266, 'ce-F:': 107, 'boogie_result': 93, 'actual_z3': 11}
{'ce-T:': 314, 'ce-I:': 208, 'ce-F:': 125, 'boogie_result': 110, 'actual_z3': 12}
{'ce-T:': 445, 'ce-I:': 369, 'boogie_result': 113, 'ce-F:': 109, 'actual_z3': 20}
{'ce-T:': 2436, 'ce-I:': 2037, 'boogie_result': 613, 'ce-F:': 611, 'actual_z3': 19}
{'ce-T:': 2798, 'ce-I:': 2774, 'boogie_result': 615, 'ce-F:': 614, 'actual_z3': 15}
{'ce-T:': 8595, 'ce-I:': 7634, 'boogie_result': 1219, 'ce-F:': 1198, 'actual_z3': 26}
{'ce-I:': 8213, 'ce-T:': 8098, 'boogie_result': 1324, 'ce-F:': 1309, 'actual_z3': 26}
{'ce-I:': 14072, 'ce-T:': 10334, 'ce-F:': 2441, 'boogie_result': 1585, 'actual_z3': 27}
{'ce-T:': 12827, 'ce-I:': 8547, 'boogie_result': 2111, 'ce-F:': 2101, 'actual_z3': 19}
{'ce-I:': 21048, 'ce-T:': 9491, 'ce-F:': 2814, 'boogie_result': 2166, 'actual_z3': 30}
{'ce-I:': 23946, 'ce-T:': 14490, 'ce-F:': 3667, 'boogie_result': 2263, 'actual_z3': 33}
{'ce-T:': 15906, 'ce-I:': 9365, 'ce-F:': 3761, 'boogie_result': 2170, 'actual_z3': 25}
{'ce-I:': 313742, 'ce-T:': 208828, 'ce-F:': 30821, 'boogie_result': 17372, 'actual_z3': 91}
{'ce-T:': 1294, 'ce-I:': 558, 'boogie_result': 324, 'ce-F:': 323, 'actual_z3': 17}
{'ce-T:': 2400, 'ce-I:': 781, 'boogie_result': 432, 'ce-F:': 395, 'actual_z3': 21}
{'ce-T:': 3465, 'ce-I:': 1787, 'boogie_result': 661, 'ce-F:': 659, 'actual_z3': 20}
{'ce-I:': 2131, 'ce-T:': 2088, 'boogie_result': 700, 'ce-F:': 696, 'actual_z3': 12}
{'ce-T:': 5558, 'ce-I:': 3067, 'ce-F:': 924, 'boogie_result': 795, 'actual_z3': 20}
{'ce-T:': 5143, 'ce-I:': 1955, 'boogie_result': 947, 'ce-F:': 927, 'actual_z3': 19}
{'ce-T:': 8091, 'ce-I:': 2329, 'ce-F:': 1395, 'boogie_result': 1000, 'actual_z3': 23}
{'ce-I:': 25884, 'ce-T:': 25839, 'boogie_result': 3302, 'ce-F:': 3281, 'actual_z3': 40}
{'ce-T:': 42618, 'ce-I:': 32931, 'ce-F:': 12247, 'boogie_result': 4713, 'actual_z3': 45}
{'ce-T:': 37882, 'ce-I:': 36958, 'ce-F:': 11682, 'boogie_result': 6018, 'actual_z3': 49}
{'ce-T:': 2053, 'ce-I:': 624, 'ce-F:': 548, 'boogie_result': 367, 'actual_z3': 16}
{'ce-T:': 3571, 'ce-I:': 2958, 'boogie_result': 565, 'ce-F:': 551, 'actual_z3': 19}
{'ce-T:': 4971, 'ce-I:': 1566, 'boogie_result': 650, 'ce-F:': 632, 'actual_z3': 26}
{'ce-T:': 3662, 'ce-I:': 2645, 'boogie_result': 655, 'ce-F:': 645, 'actual_z3': 24}
{'ce-T:': 4760, 'ce-I:': 2772, 'boogie_result': 861, 'ce-F:': 858, 'actual_z3': 18}
{'ce-T:': 10346, 'ce-I:': 6918, 'boogie_result': 1321, 'ce-F:': 1300, 'actual_z3': 28}
{'ce-T:': 9678, 'ce-I:': 8862, 'boogie_result': 1472, 'ce-F:': 1452, 'actual_z3': 30}
{'ce-T:': 15692, 'ce-I:': 11564, 'boogie_result': 1787, 'ce-F:': 1754, 'actual_z3': 40}
{'ce-T:': 12784, 'ce-I:': 10133, 'ce-F:': 4460, 'boogie_result': 1935, 'actual_z3': 26}
{'ce-T:': 17487, 'ce-I:': 13156, 'boogie_result': 2176, 'ce-F:': 2167, 'actual_z3': 28}
{'ce-T:': 1294, 'ce-I:': 558, 'boogie_result': 324, 'ce-F:': 323, 'actual_z3': 17}
{'ce-T:': 2400, 'ce-I:': 781, 'boogie_result': 432, 'ce-F:': 395, 'actual_z3': 21}
{'ce-T:': 3465, 'ce-I:': 1787, 'boogie_result': 661, 'ce-F:': 659, 'actual_z3': 20}
{'ce-I:': 2131, 'ce-T:': 2088, 'boogie_result': 700, 'ce-F:': 696, 'actual_z3': 12}
{'ce-T:': 5558, 'ce-I:': 3067, 'ce-F:': 924, 'boogie_result': 795, 'actual_z3': 20}
{'ce-T:': 5143, 'ce-I:': 1955, 'boogie_result': 947, 'ce-F:': 927, 'actual_z3': 19}
{'ce-T:': 8091, 'ce-I:': 2329, 'ce-F:': 1395, 'boogie_result': 1000, 'actual_z3': 23}
{'ce-I:': 25884, 'ce-T:': 25839, 'boogie_result': 3302, 'ce-F:': 3281, 'actual_z3': 40}
{'ce-T:': 42618, 'ce-I:': 32931, 'ce-F:': 12247, 'boogie_result': 4713, 'actual_z3': 45}
{'ce-T:': 37882, 'ce-I:': 36958, 'ce-F:': 11682, 'boogie_result': 6018, 'actual_z3': 49}
{'ce-I:': 3426, 'ce-T:': 3364, 'boogie_result': 652, 'ce-F:': 635, 'actual_z3': 24}
{'ce-T:': 3431, 'ce-I:': 1410, 'boogie_result': 695, 'ce-F:': 654, 'actual_z3': 13}
{'ce-T:': 2307, 'ce-I:': 2220, 'boogie_result': 769, 'ce-F:': 749, 'actual_z3': 27}
{'ce-T:': 3702, 'ce-I:': 1694, 'boogie_result': 744, 'ce-F:': 733, 'actual_z3': 13}
{'ce-T:': 5237, 'ce-I:': 3225, 'boogie_result': 874, 'ce-F:': 850, 'actual_z3': 19}
{'ce-T:': 3945, 'ce-I:': 3464, 'boogie_result': 874, 'ce-F:': 867, 'actual_z3': 20}
{'ce-I:': 4277, 'ce-T:': 2448, 'boogie_result': 831, 'ce-F:': 824, 'actual_z3': 14}
{'ce-T:': 5434, 'ce-I:': 3839, 'boogie_result': 1064, 'ce-F:': 1062, 'actual_z3': 20}
{'ce-T:': 5443, 'ce-I:': 4643, 'boogie_result': 1170, 'ce-F:': 1163, 'actual_z3': 22}
{'ce-I:': 9978, 'ce-T:': 3870, 'boogie_result': 1194, 'ce-F:': 1163, 'actual_z3': 28}
{'boogie_result': 3, 'actual_z3': 3, 'ce-T:': 2}
{'ce-I:': 54, 'ce-F:': 32, 'boogie_result': 22, 'ce-T:': 20, 'actual_z3': 13}
{'ce-I:': 118, 'boogie_result': 29, 'ce-T:': 28, 'ce-F:': 13, 'actual_z3': 11}
{'ce-F:': 61, 'ce-I:': 38, 'boogie_result': 25, 'ce-T:': 23, 'actual_z3': 10}
{'ce-F:': 42, 'boogie_result': 21, 'ce-I:': 21, 'ce-T:': 20, 'actual_z3': 15}
{'ce-I:': 64, 'ce-F:': 54, 'boogie_result': 31, 'ce-T:': 29, 'actual_z3': 17}
{'ce-I:': 141, 'ce-F:': 60, 'boogie_result': 39, 'ce-T:': 37, 'actual_z3': 9}
{'ce-I:': 173, 'ce-F:': 115, 'boogie_result': 69, 'ce-T:': 68, 'actual_z3': 25}
{'ce-I:': 427, 'ce-F:': 204, 'boogie_result': 110, 'ce-T:': 109, 'actual_z3': 15}
{'ce-I:': 516, 'ce-F:': 502, 'boogie_result': 181, 'ce-T:': 178, 'actual_z3': 25}
{'boogie_result': 3, 'actual_z3': 3, 'ce-T:': 2}
{'ce-I:': 54, 'ce-F:': 32, 'boogie_result': 22, 'ce-T:': 20, 'actual_z3': 13}
{'ce-I:': 118, 'boogie_result': 29, 'ce-T:': 28, 'ce-F:': 13, 'actual_z3': 11}
{'ce-F:': 61, 'ce-I:': 38, 'boogie_result': 25, 'ce-T:': 23, 'actual_z3': 10}
{'ce-F:': 42, 'boogie_result': 21, 'ce-I:': 21, 'ce-T:': 20, 'actual_z3': 15}
{'ce-I:': 64, 'ce-F:': 54, 'boogie_result': 31, 'ce-T:': 29, 'actual_z3': 17}
{'ce-I:': 141, 'ce-F:': 60, 'boogie_result': 39, 'ce-T:': 37, 'actual_z3': 9}
{'ce-I:': 173, 'ce-F:': 115, 'boogie_result': 69, 'ce-T:': 68, 'actual_z3': 25}
{'ce-I:': 427, 'ce-F:': 204, 'boogie_result': 110, 'ce-T:': 109, 'actual_z3': 15}
{'ce-I:': 516, 'ce-F:': 502, 'boogie_result': 181, 'ce-T:': 178, 'actual_z3': 25}
{'ce-I:': 143, 'ce-T:': 104, 'boogie_result': 54, 'ce-F:': 50, 'actual_z3': 19}
{'ce-I:': 246, 'ce-T:': 131, 'boogie_result': 49, 'ce-F:': 30, 'actual_z3': 15}
{'ce-I:': 757, 'ce-T:': 468, 'boogie_result': 142, 'ce-F:': 109, 'actual_z3': 17}
{'ce-T:': 821, 'ce-I:': 341, 'ce-F:': 280, 'boogie_result': 174, 'actual_z3': 12}
{'ce-T:': 2011, 'ce-I:': 781, 'boogie_result': 330, 'ce-F:': 319, 'actual_z3': 17}
{'ce-I:': 3344, 'ce-T:': 2636, 'ce-F:': 1085, 'boogie_result': 502, 'actual_z3': 24}
{'ce-T:': 2435, 'ce-I:': 1122, 'boogie_result': 493, 'ce-F:': 488, 'actual_z3': 18}
{'ce-T:': 2213, 'ce-I:': 1674, 'boogie_result': 557, 'ce-F:': 537, 'actual_z3': 22}
{'ce-I:': 3866, 'ce-T:': 2407, 'boogie_result': 530, 'ce-F:': 520, 'actual_z3': 25}
{'ce-T:': 3110, 'ce-I:': 1053, 'ce-F:': 659, 'boogie_result': 589, 'actual_z3': 25}
{'ce-T:': 7146, 'ce-I:': 6984, 'ce-F:': 1761, 'boogie_result': 1491, 'actual_z3': 20}
{'ce-I:': 13927, 'ce-T:': 7351, 'boogie_result': 1668, 'ce-F:': 1652, 'actual_z3': 25}
{'ce-T:': 17761, 'ce-I:': 10276, 'boogie_result': 2755, 'ce-F:': 2739, 'actual_z3': 25}
{'ce-T:': 28647, 'ce-I:': 22671, 'ce-F:': 3365, 'boogie_result': 3089, 'actual_z3': 46}
{'ce-I:': 62107, 'ce-T:': 12728, 'boogie_result': 3558, 'ce-F:': 3544, 'actual_z3': 50}
{'ce-T:': 31189, 'ce-I:': 11544, 'ce-F:': 9516, 'boogie_result': 4851, 'actual_z3': 31}
{'ce-T:': 35339, 'ce-I:': 29438, 'ce-F:': 5328, 'boogie_result': 4906, 'actual_z3': 47}
{'ce-T:': 26308, 'ce-I:': 20197, 'ce-F:': 9108, 'boogie_result': 4804, 'actual_z3': 33}
{'ce-T:': 41664, 'ce-I:': 39674, 'ce-F:': 6127, 'boogie_result': 4833, 'actual_z3': 46}
{'ce-T:': 33281, 'ce-I:': 31910, 'ce-F:': 9716, 'boogie_result': 4869, 'actual_z3': 49}
{'ce-T:': 13777, 'ce-I:': 12620, 'ce-F:': 4893, 'boogie_result': 3452, 'actual_z3': 19}
{'ce-T:': 40775, 'ce-I:': 31495, 'ce-F:': 14651, 'boogie_result': 8215, 'actual_z3': 13}
{'ce-T:': 32762, 'ce-I:': 22486, 'ce-F:': 18312, 'boogie_result': 8193, 'actual_z3': 29}
{'ce-F:': 24502, 'ce-I:': 21064, 'ce-T:': 16332, 'boogie_result': 8172, 'actual_z3': 19}
{'ce-I:': 26173, 'ce-T:': 25715, 'ce-F:': 18120, 'boogie_result': 8578, 'actual_z3': 23}
{'ce-T:': 27485, 'ce-I:': 26519, 'ce-F:': 18333, 'boogie_result': 9169, 'actual_z3': 18}
{'ce-I:': 40368, 'ce-F:': 22408, 'ce-T:': 20466, 'boogie_result': 10235, 'actual_z3': 18}
{'ce-I:': 90427, 'ce-T:': 51331, 'ce-F:': 17156, 'boogie_result': 10385, 'actual_z3': 31}
{'ce-T:': 42395, 'ce-I:': 32378, 'ce-F:': 26510, 'boogie_result': 10607, 'actual_z3': 40}
{'ce-I:': 99605, 'ce-F:': 50510, 'ce-T:': 26358, 'boogie_result': 13201, 'actual_z3': 33}
{'ce-I:': 128, 'boogie_result': 36, 'ce-T:': 32, 'ce-F:': 22, 'actual_z3': 15}
{'ce-T:': 128, 'ce-I:': 83, 'boogie_result': 52, 'ce-F:': 41, 'actual_z3': 18}
{'ce-I:': 910, 'ce-T:': 233, 'boogie_result': 156, 'ce-F:': 149, 'actual_z3': 21}
{'ce-I:': 1917, 'ce-T:': 1162, 'boogie_result': 588, 'ce-F:': 584, 'actual_z3': 25}
{'ce-I:': 5335, 'ce-T:': 1840, 'boogie_result': 652, 'ce-F:': 632, 'actual_z3': 22}
{'ce-I:': 6085, 'ce-T:': 2638, 'boogie_result': 799, 'ce-F:': 797, 'actual_z3': 33}
{'ce-I:': 4629, 'ce-T:': 2364, 'boogie_result': 793, 'ce-F:': 788, 'actual_z3': 20}
{'ce-I:': 4463, 'ce-T:': 2431, 'boogie_result': 816, 'ce-F:': 796, 'actual_z3': 34}
{'ce-I:': 4524, 'ce-T:': 2906, 'boogie_result': 853, 'ce-F:': 847, 'actual_z3': 20}
{'ce-I:': 53617, 'ce-T:': 11469, 'boogie_result': 3344, 'ce-F:': 3325, 'actual_z3': 51}
